date,day_type,micro_exercise,daily_exercise,motivation
2025-11-12,Heavy,"OMNIFIT SHORTS (12 min)
Standard:
4 Rounds:
- 10 Deadlifts (light–moderate)
- 8 Burpees
- :20 Plank Hold

Bodyweight:
4 Rounds:
- 12 Good Mornings (2-1-1)
- 8 Burpees
- :20 Plank Hold","","
Heavy lifting improves bone density, muscle mass, and metabolic health — especially as we age. Even short bouts of strength work help counteract muscle loss and support long-term functional capacity.

Reference:
https://pubmed.ncbi.nlm.nih.gov/29425700/
"
2025-11-13,Train,"OMNIFIT SHORTS (12 min)
Standard:
AMRAP 12:
- 5 Neutral-Grip Pull-Ups
- 10 Push-Ups

Bodyweight:
AMRAP 12:
- 6 Table Rows
- 10 Push-Ups","","
Upper-body pulling and pushing movements improve shoulder stability and long-term joint resilience. Consistent strength practice protects against age-related strength decline.

Reference:
https://pubmed.ncbi.nlm.nih.gov/27749567/
"
2025-11-14,Practice,"OMNIFIT SHORTS (12 min)
One Version:
3 Rounds:
- :45 Sit-Ups
- :45 Walking Lunges
- :45 Bear Crawl
- :45 Rest","","
Skill-based sessions build movement quality and improve coordination, which helps reduce injury risk and enhance long-term performance.

Reference:
https://pubmed.ncbi.nlm.nih.gov/24550838/
"
2025-11-15,Aerobic Capacity,"OMNIFIT SHORTS (12 min)
Standard:
EMOM 12:
- :30 Jump Rope
- :30 Rest

Bodyweight:
EMOM 12:
- :30 Fast March / Run in Place
- :30 Rest","","
Zone 2 and low-intensity aerobic work improve mitochondrial efficiency and long-term cardiovascular health — one of the strongest predictors of longevity.

Reference:
https://pubmed.ncbi.nlm.nih.gov/34321419/
"
2025-11-16,Active Recovery,"OMNIFIT SHORTS (12 min)
One Version:
12-minute steady walk, nasal breathing, easy pace.","","
Active recovery sessions help reduce accumulated fatigue and improve tissue repair. Gentle movement and breathing create a parasympathetic shift in the nervous system.

Reference:
https://pubmed.ncbi.nlm.nih.gov/30558475/
"
2025-11-17,Train,"OMNIFIT SHORTS (12 min)
One Version:
EMOM 12:
- :40 Burpees
- :20 Rest","","
Short, intense sessions stimulate cardiovascular capacity and metabolic adaptation. Burpees also train coordination, power, and full-body strength.

Reference:
https://pubmed.ncbi.nlm.nih.gov/25438086/
"
2025-11-18,Practice,"OMNIFIT SHORTS (12 min)
One Version:
3 Rounds:
- :30 Wall Sit
- :30 Hollow Hold
- :30 Side Plank (L)
- :30 Side Plank (R)
- :30 Rest","","
Isometric strength improves tendon health, joint stability, and muscular endurance — essential components of long-term resilience.

Reference:
https://pubmed.ncbi.nlm.nih.gov/34104055/
"
2025-11-19,Heavy,"OMNIFIT SHORTS (12 min)
Standard:
AMRAP 12:
- 4 SA Deadlifts / side
- 3 SA Hang Cleans / side
- 2 SA Shoulder-to-Overhead / side

Bodyweight:
AMRAP 12:
- 6 Single-Leg Hip Hinge / side
- 4 Tempo Good Mornings
- 4 Push-Ups","","
Unilateral strength work helps correct imbalances, improve stability, and reduce injury risk. Strength symmetry becomes increasingly important with age.

Reference:
https://pubmed.ncbi.nlm.nih.gov/32134818/
"
2025-11-20,Aerobic Capacity,"OMNIFIT SHORTS (12 min)
One Version:
12-minute brisk walk, tall posture, nasal breathing.","","
Daily aerobic movement improves cardiovascular health, mental clarity, and metabolic flexibility. Even short walks are strongly associated with lower mortality.

Reference:
https://pubmed.ncbi.nlm.nih.gov/34779261/
"
2025-11-21,Forge,"OMNIFIT SHORTS (12 min)
Standard:
AMRAP 12:
- 4 Goblet Lunges
- 2 Lateral Burpees
- 1 Strict Pull-Up
- 10 m Bottom-Up Carry / arm

Bodyweight:
AMRAP 12:
- 6 Reverse Lunges
- 2 Lateral Burpees
- 3 Inverted Rows
- :15 OA Overhead Balance Hold / side","","
Forge sessions blend strength and challenge — both physical and mental. They build resilience, grit, and the ability to stay composed under fatigue.

Reference:
https://pubmed.ncbi.nlm.nih.gov/29633303/
"
2025-11-22,Train,"OMNIFIT SHORTS (12 min)
One Version:
AMRAP 12:
- 10 Push-Ups
- 15 Air Squats","","
Simple strength patterns, repeated consistently, improve muscular endurance and joint mechanics. These patterns support lifelong movement freedom.

Reference:
https://pubmed.ncbi.nlm.nih.gov/30040538/
"
2025-11-23,OMNIFIT Day,"OMNIFIT SHORTS (12 min)
One Version (Water):
12-minute easy swim or water walk

Land Alternative:
12-minute easy cardio flow:
- 1 min walk
- 1 min slow air squats (repeat 6×)","","
Reducing effort and focusing on fluid movement supports recovery, mood, and stress regulation — enabling better performance during the upcoming week.

Reference:
https://pubmed.ncbi.nlm.nih.gov/21446352/
"
2025-11-24,Active Recovery,"OMNIFIT SHORTS (12 min)
One Version:
2 Rounds:
- 1:00 Cat–Cow
- :30 Slow Scap Circles
- :45 Suitcase March (no load)
- :30 Reverse Wrist Curl / side
- :30 Open Book / side","","
Mobility-focused sessions maintain healthy tissue quality and joint range of motion. These small inputs compound into long-term physical longevity.

Reference:
https://pubmed.ncbi.nlm.nih.gov/33874021/
"
2025-11-25,Aerobic Capacity,"OMNIFIT SHORTS (12 min)
One Version:
12-minute brisk walk (ruck optional).","","
Regular walking is linked to improved metabolic health, reduced cardiovascular risk, and enhanced brain function. Even 10–12 minutes creates a measurable benefit.

Reference:
https://pubmed.ncbi.nlm.nih.gov/36553219/
"
2025-11-26,Practice,"OMNIFIT SHORTS (12 min)
One Version:
EMOM 12:
1) :40 Tempo Squats (3-1-1-0)
2) :15 SA Plank Hold (switch at :15)
3) :30 Russian Twists","","
Practicing slow, controlled patterns improves motor control, coordination, and core stability — all foundations for long-term movement health.

Reference:
https://pubmed.ncbi.nlm.nih.gov/32649756/
"
